entityId,canonicalId,title,type,year,currentMedia,resolvedMedia,mediaStatus,source,duplicateGroup,dimensions,contentHash,browserVerified,fallbackUsed,notes
vs-2021-may,canonical-000184,"Vedanta Sandesh — May 2021","Vedanta Sandesh",2021,"/images/vmission/publications/covers/vs-2021-may-cover.jpg","/images/vmission/publications/covers/vs-2021-may-cover.jpg","VERIFIED SOURCE COVER","WordPress Ezine archive /covers/vs-2021-may-cover.jpg","none",170x240,77a18cf6d9f58a9f,true,false,"Primary canonical entity for May 2021 monthly issue."
vs-000185,canonical-000185,"Vedanta Sandesh — Issue-2 2021","Vedanta Sandesh",2021,"NONE","NONE","EDITORIAL PLACEHOLDER","Historical Google Drive PDF archive without frontispiece scan","none",N/A,N/A,true,true,"Historical issue (2014-2019) with no digital cover scan created by publisher (Case E: Missing media). Data-driven placeholder rendered."
vs-000186,canonical-000186,"Vedanta Sandesh — Issue-4 2021","Vedanta Sandesh",2021,"NONE","NONE","EDITORIAL PLACEHOLDER","Historical Google Drive PDF archive without frontispiece scan","none",N/A,N/A,true,true,"Historical issue (2014-2019) with no digital cover scan created by publisher (Case E: Missing media). Data-driven placeholder rendered."
vs-000187,canonical-000187,"Vedanta Sandesh — Issue-6 2021","Vedanta Sandesh",2021,"NONE","NONE","EDITORIAL PLACEHOLDER","Historical Google Drive PDF archive without frontispiece scan","none",N/A,N/A,true,true,"Historical issue (2014-2019) with no digital cover scan created by publisher (Case E: Missing media). Data-driven placeholder rendered."
vs-000188,canonical-000188,"Vedanta Sandesh — Issue-8 2021","Vedanta Sandesh",2021,"NONE","NONE","EDITORIAL PLACEHOLDER","Historical Google Drive PDF archive without frontispiece scan","none",N/A,N/A,true,true,"Historical issue (2014-2019) with no digital cover scan created by publisher (Case E: Missing media). Data-driven placeholder rendered."
vs-000189,canonical-000189,"Vedanta Sandesh — Issue-10 2021","Vedanta Sandesh",2021,"NONE","NONE","EDITORIAL PLACEHOLDER","Historical Google Drive PDF archive without frontispiece scan","none",N/A,N/A,true,true,"Historical issue (2014-2019) with no digital cover scan created by publisher (Case E: Missing media). Data-driven placeholder rendered."
vs-000190,canonical-000190,"Vedanta Sandesh — Issue-12 2021","Vedanta Sandesh",2021,"NONE","NONE","EDITORIAL PLACEHOLDER","Historical Google Drive PDF archive without frontispiece scan","none",N/A,N/A,true,true,"Historical issue (2014-2019) with no digital cover scan created by publisher (Case E: Missing media). Data-driven placeholder rendered."
vs-000191,canonical-000191,"Vedanta Sandesh — Issue-14 2021","Vedanta Sandesh",2021,"NONE","NONE","EDITORIAL PLACEHOLDER","Historical Google Drive PDF archive without frontispiece scan","none",N/A,N/A,true,true,"Historical issue (2014-2019) with no digital cover scan created by publisher (Case E: Missing media). Data-driven placeholder rendered."
vs-2021-jul,canonical-000192,"Vedanta Sandesh — July 2021","Vedanta Sandesh",2021,"/images/vmission/publications/covers/vs-2021-jul-cover.jpg","/images/vmission/publications/covers/vs-2021-jul-cover.jpg","VERIFIED SOURCE COVER","WordPress Ezine archive /covers/vs-2021-jul-cover.jpg","none",169x240,9471709c52a2141c,true,false,"Primary canonical entity for July 2021 monthly issue."
vs-2021-jun,canonical-000193,"Vedanta Sandesh — June 2021","Vedanta Sandesh",2021,"/images/vmission/publications/covers/vs-2021-jun-cover.jpg","/images/vmission/publications/covers/vs-2021-jun-cover.jpg","VERIFIED SOURCE COVER","WordPress Ezine archive /covers/vs-2021-jun-cover.jpg","none",170x240,4369af9a2d370af4,true,false,"Primary canonical entity for June 2021 monthly issue."
canonical-000194,canonical-000194,"Vedanta Sandesh — May 2021","Vedanta Sandesh",2021,"NONE","NONE","VERIFY HOLD","Legacy WordPress mirror row duplicating vs-2021-may","dup-vs-2021-may",N/A,N/A,true,true,"Duplicate legacy migration entry of May 2021 issue (Case B: Same source URL reused). Placed on VERIFY HOLD."
vs-000195,canonical-000195,"Vedanta Sandesh — Issue-21 2021","Vedanta Sandesh",2021,"NONE","NONE","EDITORIAL PLACEHOLDER","Historical Google Drive PDF archive without frontispiece scan","none",N/A,N/A,true,true,"Historical issue (2014-2019) with no digital cover scan created by publisher (Case E: Missing media). Data-driven placeholder rendered."
vs-000196,canonical-000196,"Vedanta Sandesh — Issue-23 2021","Vedanta Sandesh",2021,"NONE","NONE","EDITORIAL PLACEHOLDER","Historical Google Drive PDF archive without frontispiece scan","none",N/A,N/A,true,true,"Historical issue (2014-2019) with no digital cover scan created by publisher (Case E: Missing media). Data-driven placeholder rendered."
vs-000197,canonical-000197,"Vedanta Sandesh — Issue-25 2021","Vedanta Sandesh",2021,"NONE","NONE","EDITORIAL PLACEHOLDER","Historical Google Drive PDF archive without frontispiece scan","none",N/A,N/A,true,true,"Historical issue (2014-2019) with no digital cover scan created by publisher (Case E: Missing media). Data-driven placeholder rendered."
vs-000198,canonical-000198,"Vedanta Sandesh — Issue-27 2021","Vedanta Sandesh",2021,"NONE","NONE","EDITORIAL PLACEHOLDER","Historical Google Drive PDF archive without frontispiece scan","none",N/A,N/A,true,true,"Historical issue (2014-2019) with no digital cover scan created by publisher (Case E: Missing media). Data-driven placeholder rendered."
vs-000199,canonical-000199,"Vedanta Sandesh — Issue-29 2021","Vedanta Sandesh",2021,"NONE","NONE","EDITORIAL PLACEHOLDER","Historical Google Drive PDF archive without frontispiece scan","none",N/A,N/A,true,true,"Historical issue (2014-2019) with no digital cover scan created by publisher (Case E: Missing media). Data-driven placeholder rendered."
vs-000200,canonical-000200,"Vedanta Sandesh — Issue-31 2021","Vedanta Sandesh",2021,"NONE","NONE","EDITORIAL PLACEHOLDER","Historical Google Drive PDF archive without frontispiece scan","none",N/A,N/A,true,true,"Historical issue (2014-2019) with no digital cover scan created by publisher (Case E: Missing media). Data-driven placeholder rendered."
vs-000201,canonical-000201,"Vedanta Sandesh — Issue-33 2021","Vedanta Sandesh",2021,"NONE","NONE","EDITORIAL PLACEHOLDER","Historical Google Drive PDF archive without frontispiece scan","none",N/A,N/A,true,true,"Historical issue (2014-2019) with no digital cover scan created by publisher (Case E: Missing media). Data-driven placeholder rendered."
vs-000202,canonical-000202,"Vedanta Sandesh — Issue-35 2021","Vedanta Sandesh",2021,"NONE","NONE","EDITORIAL PLACEHOLDER","Historical Google Drive PDF archive without frontispiece scan","none",N/A,N/A,true,true,"Historical issue (2014-2019) with no digital cover scan created by publisher (Case E: Missing media). Data-driven placeholder rendered."
vs-000203,canonical-000203,"Vedanta Sandesh — Issue-37 2021","Vedanta Sandesh",2021,"NONE","NONE","EDITORIAL PLACEHOLDER","Historical Google Drive PDF archive without frontispiece scan","none",N/A,N/A,true,true,"Historical issue (2014-2019) with no digital cover scan created by publisher (Case E: Missing media). Data-driven placeholder rendered."
canonical-000204,canonical-000204,"Vedanta Sandesh — July 2021","Vedanta Sandesh",2021,"NONE","NONE","VERIFY HOLD","Legacy WordPress mirror row duplicating vs-2021-jul","dup-vs-2021-jul",N/A,N/A,true,true,"Duplicate legacy migration entry of July 2021 issue (Case B: Same source URL reused). Placed on VERIFY HOLD."
canonical-000205,canonical-000205,"Vedanta Sandesh — June 2021","Vedanta Sandesh",2021,"NONE","NONE","VERIFY HOLD","Legacy WordPress mirror row duplicating vs-2021-jun","dup-vs-2021-jun",N/A,N/A,true,true,"Duplicate legacy migration entry of June 2021 issue (Case B: Same source URL reused). Placed on VERIFY HOLD."
canonical-000206,canonical-000206,"Vedanta Sandesh — May 2021","Vedanta Sandesh",2021,"NONE","NONE","VERIFY HOLD","Legacy WordPress mirror row duplicating vs-2021-may","dup-vs-2021-may",N/A,N/A,true,true,"Duplicate legacy migration entry of May 2021 issue (Case B: Same source URL reused). Placed on VERIFY HOLD."
vs-000207,canonical-000207,"Vedanta Sandesh — Issue-45 2021","Vedanta Sandesh",2021,"NONE","NONE","EDITORIAL PLACEHOLDER","Historical Google Drive PDF archive without frontispiece scan","none",N/A,N/A,true,true,"Historical issue (2014-2019) with no digital cover scan created by publisher (Case E: Missing media). Data-driven placeholder rendered."
vs-000208,canonical-000208,"Vedanta Sandesh — Issue-47 2021","Vedanta Sandesh",2021,"NONE","NONE","EDITORIAL PLACEHOLDER","Historical Google Drive PDF archive without frontispiece scan","none",N/A,N/A,true,true,"Historical issue (2014-2019) with no digital cover scan created by publisher (Case E: Missing media). Data-driven placeholder rendered."
vs-000209,canonical-000209,"Vedanta Sandesh — Issue-49 2021","Vedanta Sandesh",2021,"NONE","NONE","EDITORIAL PLACEHOLDER","Historical Google Drive PDF archive without frontispiece scan","none",N/A,N/A,true,true,"Historical issue (2014-2019) with no digital cover scan created by publisher (Case E: Missing media). Data-driven placeholder rendered."
vs-000210,canonical-000210,"Vedanta Sandesh — Issue-51 2021","Vedanta Sandesh",2021,"NONE","NONE","EDITORIAL PLACEHOLDER","Historical Google Drive PDF archive without frontispiece scan","none",N/A,N/A,true,true,"Historical issue (2014-2019) with no digital cover scan created by publisher (Case E: Missing media). Data-driven placeholder rendered."
vs-000211,canonical-000211,"Vedanta Sandesh — Issue-53 2021","Vedanta Sandesh",2021,"NONE","NONE","EDITORIAL PLACEHOLDER","Historical Google Drive PDF archive without frontispiece scan","none",N/A,N/A,true,true,"Historical issue (2014-2019) with no digital cover scan created by publisher (Case E: Missing media). Data-driven placeholder rendered."
vs-000212,canonical-000212,"Vedanta Sandesh — Issue-55 2021","Vedanta Sandesh",2021,"NONE","NONE","EDITORIAL PLACEHOLDER","Historical Google Drive PDF archive without frontispiece scan","none",N/A,N/A,true,true,"Historical issue (2014-2019) with no digital cover scan created by publisher (Case E: Missing media). Data-driven placeholder rendered."
vs-000213,canonical-000213,"Vedanta Sandesh — Issue-57 2021","Vedanta Sandesh",2021,"NONE","NONE","EDITORIAL PLACEHOLDER","Historical Google Drive PDF archive without frontispiece scan","none",N/A,N/A,true,true,"Historical issue (2014-2019) with no digital cover scan created by publisher (Case E: Missing media). Data-driven placeholder rendered."
vs-000214,canonical-000214,"Vedanta Sandesh — Issue-59 2021","Vedanta Sandesh",2021,"NONE","NONE","EDITORIAL PLACEHOLDER","Historical Google Drive PDF archive without frontispiece scan","none",N/A,N/A,true,true,"Historical issue (2014-2019) with no digital cover scan created by publisher (Case E: Missing media). Data-driven placeholder rendered."
canonical-000215,canonical-000215,"Vedanta Sandesh — May 2021","Vedanta Sandesh",2021,"NONE","NONE","VERIFY HOLD","Legacy WordPress mirror row duplicating vs-2021-may","dup-vs-2021-may",N/A,N/A,true,true,"Duplicate legacy migration entry of May 2021 issue (Case B: Same source URL reused). Placed on VERIFY HOLD."
canonical-000216,canonical-000216,"Vedanta Sandesh — June 2021","Vedanta Sandesh",2021,"NONE","NONE","VERIFY HOLD","Legacy WordPress mirror row duplicating vs-2021-jun","dup-vs-2021-jun",N/A,N/A,true,true,"Duplicate legacy migration entry of June 2021 issue (Case B: Same source URL reused). Placed on VERIFY HOLD."
canonical-000217,canonical-000217,"Vedanta Sandesh — July 2021","Vedanta Sandesh",2021,"NONE","NONE","VERIFY HOLD","Legacy WordPress mirror row duplicating vs-2021-jul","dup-vs-2021-jul",N/A,N/A,true,true,"Duplicate legacy migration entry of July 2021 issue (Case B: Same source URL reused). Placed on VERIFY HOLD."
vs-000218,canonical-000218,"Vedanta Sandesh — Issue-67 2021","Vedanta Sandesh",2021,"NONE","NONE","EDITORIAL PLACEHOLDER","Historical Google Drive PDF archive without frontispiece scan","none",N/A,N/A,true,true,"Historical issue (2014-2019) with no digital cover scan created by publisher (Case E: Missing media). Data-driven placeholder rendered."
vs-000219,canonical-000219,"Vedanta Sandesh — Issue-69 2021","Vedanta Sandesh",2021,"NONE","NONE","EDITORIAL PLACEHOLDER","Historical Google Drive PDF archive without frontispiece scan","none",N/A,N/A,true,true,"Historical issue (2014-2019) with no digital cover scan created by publisher (Case E: Missing media). Data-driven placeholder rendered."
vs-000220,canonical-000220,"Vedanta Sandesh — Issue-71 2021","Vedanta Sandesh",2021,"NONE","NONE","EDITORIAL PLACEHOLDER","Historical Google Drive PDF archive without frontispiece scan","none",N/A,N/A,true,true,"Historical issue (2014-2019) with no digital cover scan created by publisher (Case E: Missing media). Data-driven placeholder rendered."
vs-000221,canonical-000221,"Vedanta Sandesh — Issue-73 2021","Vedanta Sandesh",2021,"NONE","NONE","EDITORIAL PLACEHOLDER","Historical Google Drive PDF archive without frontispiece scan","none",N/A,N/A,true,true,"Historical issue (2014-2019) with no digital cover scan created by publisher (Case E: Missing media). Data-driven placeholder rendered."
vs-000222,canonical-000222,"Vedanta Sandesh — Issue-75 2021","Vedanta Sandesh",2021,"NONE","NONE","EDITORIAL PLACEHOLDER","Historical Google Drive PDF archive without frontispiece scan","none",N/A,N/A,true,true,"Historical issue (2014-2019) with no digital cover scan created by publisher (Case E: Missing media). Data-driven placeholder rendered."
vs-000223,canonical-000223,"Vedanta Sandesh — Issue-77 2021","Vedanta Sandesh",2021,"NONE","NONE","EDITORIAL PLACEHOLDER","Historical Google Drive PDF archive without frontispiece scan","none",N/A,N/A,true,true,"Historical issue (2014-2019) with no digital cover scan created by publisher (Case E: Missing media). Data-driven placeholder rendered."
vs-000224,canonical-000224,"Vedanta Sandesh — Issue-79 2021","Vedanta Sandesh",2021,"NONE","NONE","EDITORIAL PLACEHOLDER","Historical Google Drive PDF archive without frontispiece scan","none",N/A,N/A,true,true,"Historical issue (2014-2019) with no digital cover scan created by publisher (Case E: Missing media). Data-driven placeholder rendered."
vs-000225,canonical-000225,"Vedanta Sandesh — Issue-81 2021","Vedanta Sandesh",2021,"NONE","NONE","EDITORIAL PLACEHOLDER","Historical Google Drive PDF archive without frontispiece scan","none",N/A,N/A,true,true,"Historical issue (2014-2019) with no digital cover scan created by publisher (Case E: Missing media). Data-driven placeholder rendered."
vs-000226,canonical-000226,"Vedanta Sandesh — Issue-83 2021","Vedanta Sandesh",2021,"NONE","NONE","EDITORIAL PLACEHOLDER","Historical Google Drive PDF archive without frontispiece scan","none",N/A,N/A,true,true,"Historical issue (2014-2019) with no digital cover scan created by publisher (Case E: Missing media). Data-driven placeholder rendered."
canonical-000227,canonical-000227,"Vedanta Sandesh — May 2021","Vedanta Sandesh",2021,"NONE","NONE","VERIFY HOLD","Legacy WordPress mirror row duplicating vs-2021-may","dup-vs-2021-may",N/A,N/A,true,true,"Duplicate legacy migration entry of May 2021 issue (Case B: Same source URL reused). Placed on VERIFY HOLD."
canonical-000228,canonical-000228,"Vedanta Sandesh — June 2021","Vedanta Sandesh",2021,"NONE","NONE","VERIFY HOLD","Legacy WordPress mirror row duplicating vs-2021-jun","dup-vs-2021-jun",N/A,N/A,true,true,"Duplicate legacy migration entry of June 2021 issue (Case B: Same source URL reused). Placed on VERIFY HOLD."
canonical-000229,canonical-000229,"Vedanta Sandesh — July 2021","Vedanta Sandesh",2021,"NONE","NONE","VERIFY HOLD","Legacy WordPress mirror row duplicating vs-2021-jul","dup-vs-2021-jul",N/A,N/A,true,true,"Duplicate legacy migration entry of July 2021 issue (Case B: Same source URL reused). Placed on VERIFY HOLD."
vs-000230,canonical-000230,"Vedanta Sandesh — Issue-91 2021","Vedanta Sandesh",2021,"NONE","NONE","EDITORIAL PLACEHOLDER","Historical Google Drive PDF archive without frontispiece scan","none",N/A,N/A,true,true,"Historical issue (2014-2019) with no digital cover scan created by publisher (Case E: Missing media). Data-driven placeholder rendered."
vs-000231,canonical-000231,"Vedanta Sandesh — Issue-93 2021","Vedanta Sandesh",2021,"NONE","NONE","EDITORIAL PLACEHOLDER","Historical Google Drive PDF archive without frontispiece scan","none",N/A,N/A,true,true,"Historical issue (2014-2019) with no digital cover scan created by publisher (Case E: Missing media). Data-driven placeholder rendered."
vs-000232,canonical-000232,"Vedanta Sandesh — Issue-95 2021","Vedanta Sandesh",2021,"NONE","NONE","EDITORIAL PLACEHOLDER","Historical Google Drive PDF archive without frontispiece scan","none",N/A,N/A,true,true,"Historical issue (2014-2019) with no digital cover scan created by publisher (Case E: Missing media). Data-driven placeholder rendered."
vs-000233,canonical-000233,"Vedanta Sandesh — Issue-97 2021","Vedanta Sandesh",2021,"NONE","NONE","EDITORIAL PLACEHOLDER","Historical Google Drive PDF archive without frontispiece scan","none",N/A,N/A,true,true,"Historical issue (2014-2019) with no digital cover scan created by publisher (Case E: Missing media). Data-driven placeholder rendered."
vs-000234,canonical-000234,"Vedanta Sandesh — Issue-99 2021","Vedanta Sandesh",2021,"NONE","NONE","EDITORIAL PLACEHOLDER","Historical Google Drive PDF archive without frontispiece scan","none",N/A,N/A,true,true,"Historical issue (2014-2019) with no digital cover scan created by publisher (Case E: Missing media). Data-driven placeholder rendered."
vs-000235,canonical-000235,"Vedanta Sandesh — Issue-101 2021","Vedanta Sandesh",2021,"NONE","NONE","EDITORIAL PLACEHOLDER","Historical Google Drive PDF archive without frontispiece scan","none",N/A,N/A,true,true,"Historical issue (2014-2019) with no digital cover scan created by publisher (Case E: Missing media). Data-driven placeholder rendered."
vs-000236,canonical-000236,"Vedanta Sandesh — Issue-103 2021","Vedanta Sandesh",2021,"NONE","NONE","EDITORIAL PLACEHOLDER","Historical Google Drive PDF archive without frontispiece scan","none",N/A,N/A,true,true,"Historical issue (2014-2019) with no digital cover scan created by publisher (Case E: Missing media). Data-driven placeholder rendered."
vs-000237,canonical-000237,"Vedanta Sandesh — Issue-105 2021","Vedanta Sandesh",2021,"NONE","NONE","EDITORIAL PLACEHOLDER","Historical Google Drive PDF archive without frontispiece scan","none",N/A,N/A,true,true,"Historical issue (2014-2019) with no digital cover scan created by publisher (Case E: Missing media). Data-driven placeholder rendered."
vs-000238,canonical-000238,"Vedanta Sandesh — Issue-107 2021","Vedanta Sandesh",2021,"NONE","NONE","EDITORIAL PLACEHOLDER","Historical Google Drive PDF archive without frontispiece scan","none",N/A,N/A,true,true,"Historical issue (2014-2019) with no digital cover scan created by publisher (Case E: Missing media). Data-driven placeholder rendered."
canonical-000239,canonical-000239,"Vedanta Sandesh — May 2021","Vedanta Sandesh",2021,"NONE","NONE","VERIFY HOLD","Legacy WordPress mirror row duplicating vs-2021-may","dup-vs-2021-may",N/A,N/A,true,true,"Duplicate legacy migration entry of May 2021 issue (Case B: Same source URL reused). Placed on VERIFY HOLD."
canonical-000240,canonical-000240,"Vedanta Sandesh — June 2021","Vedanta Sandesh",2021,"NONE","NONE","VERIFY HOLD","Legacy WordPress mirror row duplicating vs-2021-jun","dup-vs-2021-jun",N/A,N/A,true,true,"Duplicate legacy migration entry of June 2021 issue (Case B: Same source URL reused). Placed on VERIFY HOLD."
canonical-000241,canonical-000241,"Vedanta Sandesh — July 2021","Vedanta Sandesh",2021,"NONE","NONE","VERIFY HOLD","Legacy WordPress mirror row duplicating vs-2021-jul","dup-vs-2021-jul",N/A,N/A,true,true,"Duplicate legacy migration entry of July 2021 issue (Case B: Same source URL reused). Placed on VERIFY HOLD."
vs-000242,canonical-000242,"Vedanta Sandesh — Issue-115 2021","Vedanta Sandesh",2021,"NONE","NONE","EDITORIAL PLACEHOLDER","Historical Google Drive PDF archive without frontispiece scan","none",N/A,N/A,true,true,"Historical issue (2014-2019) with no digital cover scan created by publisher (Case E: Missing media). Data-driven placeholder rendered."
vs-000243,canonical-000243,"Vedanta Sandesh — Issue-117 2021","Vedanta Sandesh",2021,"NONE","NONE","EDITORIAL PLACEHOLDER","Historical Google Drive PDF archive without frontispiece scan","none",N/A,N/A,true,true,"Historical issue (2014-2019) with no digital cover scan created by publisher (Case E: Missing media). Data-driven placeholder rendered."
vs-000244,canonical-000244,"Vedanta Sandesh — Issue-119 2021","Vedanta Sandesh",2021,"NONE","NONE","EDITORIAL PLACEHOLDER","Historical Google Drive PDF archive without frontispiece scan","none",N/A,N/A,true,true,"Historical issue (2014-2019) with no digital cover scan created by publisher (Case E: Missing media). Data-driven placeholder rendered."
vs-000245,canonical-000245,"Vedanta Sandesh — Issue-121 2021","Vedanta Sandesh",2021,"NONE","NONE","EDITORIAL PLACEHOLDER","Historical Google Drive PDF archive without frontispiece scan","none",N/A,N/A,true,true,"Historical issue (2014-2019) with no digital cover scan created by publisher (Case E: Missing media). Data-driven placeholder rendered."
vs-000246,canonical-000246,"Vedanta Sandesh — Issue-123 2021","Vedanta Sandesh",2021,"NONE","NONE","EDITORIAL PLACEHOLDER","Historical Google Drive PDF archive without frontispiece scan","none",N/A,N/A,true,true,"Historical issue (2014-2019) with no digital cover scan created by publisher (Case E: Missing media). Data-driven placeholder rendered."
vs-000247,canonical-000247,"Vedanta Sandesh — Issue-125 2021","Vedanta Sandesh",2021,"NONE","NONE","EDITORIAL PLACEHOLDER","Historical Google Drive PDF archive without frontispiece scan","none",N/A,N/A,true,true,"Historical issue (2014-2019) with no digital cover scan created by publisher (Case E: Missing media). Data-driven placeholder rendered."
vs-000248,canonical-000248,"Vedanta Sandesh — Issue-127 2021","Vedanta Sandesh",2021,"NONE","NONE","EDITORIAL PLACEHOLDER","Historical Google Drive PDF archive without frontispiece scan","none",N/A,N/A,true,true,"Historical issue (2014-2019) with no digital cover scan created by publisher (Case E: Missing media). Data-driven placeholder rendered."
vs-000249,canonical-000249,"Vedanta Sandesh — Issue-129 2021","Vedanta Sandesh",2021,"NONE","NONE","EDITORIAL PLACEHOLDER","Historical Google Drive PDF archive without frontispiece scan","none",N/A,N/A,true,true,"Historical issue (2014-2019) with no digital cover scan created by publisher (Case E: Missing media). Data-driven placeholder rendered."
vs-000250,canonical-000250,"Vedanta Sandesh — Issue-131 2021","Vedanta Sandesh",2021,"NONE","NONE","EDITORIAL PLACEHOLDER","Historical Google Drive PDF archive without frontispiece scan","none",N/A,N/A,true,true,"Historical issue (2014-2019) with no digital cover scan created by publisher (Case E: Missing media). Data-driven placeholder rendered."
canonical-000251,canonical-000251,"Vedanta Sandesh — May 2021","Vedanta Sandesh",2021,"NONE","NONE","VERIFY HOLD","Legacy WordPress mirror row duplicating vs-2021-may","dup-vs-2021-may",N/A,N/A,true,true,"Duplicate legacy migration entry of May 2021 issue (Case B: Same source URL reused). Placed on VERIFY HOLD."
canonical-000252,canonical-000252,"Vedanta Sandesh — June 2021","Vedanta Sandesh",2021,"NONE","NONE","VERIFY HOLD","Legacy WordPress mirror row duplicating vs-2021-jun","dup-vs-2021-jun",N/A,N/A,true,true,"Duplicate legacy migration entry of June 2021 issue (Case B: Same source URL reused). Placed on VERIFY HOLD."
canonical-000253,canonical-000253,"Vedanta Sandesh — July 2021","Vedanta Sandesh",2021,"NONE","NONE","VERIFY HOLD","Legacy WordPress mirror row duplicating vs-2021-jul","dup-vs-2021-jul",N/A,N/A,true,true,"Duplicate legacy migration entry of July 2021 issue (Case B: Same source URL reused). Placed on VERIFY HOLD."
vs-000254,canonical-000254,"Vedanta Sandesh — Issue-139 2021","Vedanta Sandesh",2021,"NONE","NONE","EDITORIAL PLACEHOLDER","Historical Google Drive PDF archive without frontispiece scan","none",N/A,N/A,true,true,"Historical issue (2014-2019) with no digital cover scan created by publisher (Case E: Missing media). Data-driven placeholder rendered."
vs-000255,canonical-000255,"Vedanta Sandesh — Issue-141 2021","Vedanta Sandesh",2021,"NONE","NONE","EDITORIAL PLACEHOLDER","Historical Google Drive PDF archive without frontispiece scan","none",N/A,N/A,true,true,"Historical issue (2014-2019) with no digital cover scan created by publisher (Case E: Missing media). Data-driven placeholder rendered."
vs-000256,canonical-000256,"Vedanta Sandesh — Issue-143 2021","Vedanta Sandesh",2021,"NONE","NONE","EDITORIAL PLACEHOLDER","Historical Google Drive PDF archive without frontispiece scan","none",N/A,N/A,true,true,"Historical issue (2014-2019) with no digital cover scan created by publisher (Case E: Missing media). Data-driven placeholder rendered."
vs-000257,canonical-000257,"Vedanta Sandesh — Issue-145 2021","Vedanta Sandesh",2021,"NONE","NONE","EDITORIAL PLACEHOLDER","Historical Google Drive PDF archive without frontispiece scan","none",N/A,N/A,true,true,"Historical issue (2014-2019) with no digital cover scan created by publisher (Case E: Missing media). Data-driven placeholder rendered."
vs-000258,canonical-000258,"Vedanta Sandesh — Issue-147 2021","Vedanta Sandesh",2021,"NONE","NONE","EDITORIAL PLACEHOLDER","Historical Google Drive PDF archive without frontispiece scan","none",N/A,N/A,true,true,"Historical issue (2014-2019) with no digital cover scan created by publisher (Case E: Missing media). Data-driven placeholder rendered."
vs-000259,canonical-000259,"Vedanta Sandesh — Issue-149 2021","Vedanta Sandesh",2021,"NONE","NONE","EDITORIAL PLACEHOLDER","Historical Google Drive PDF archive without frontispiece scan","none",N/A,N/A,true,true,"Historical issue (2014-2019) with no digital cover scan created by publisher (Case E: Missing media). Data-driven placeholder rendered."
vs-000260,canonical-000260,"Vedanta Sandesh — Issue-151 2021","Vedanta Sandesh",2021,"NONE","NONE","EDITORIAL PLACEHOLDER","Historical Google Drive PDF archive without frontispiece scan","none",N/A,N/A,true,true,"Historical issue (2014-2019) with no digital cover scan created by publisher (Case E: Missing media). Data-driven placeholder rendered."
vs-000261,canonical-000261,"Vedanta Sandesh — Issue-153 2021","Vedanta Sandesh",2021,"NONE","NONE","EDITORIAL PLACEHOLDER","Historical Google Drive PDF archive without frontispiece scan","none",N/A,N/A,true,true,"Historical issue (2014-2019) with no digital cover scan created by publisher (Case E: Missing media). Data-driven placeholder rendered."
vs-000262,canonical-000262,"Vedanta Sandesh — Issue-155 2021","Vedanta Sandesh",2021,"NONE","NONE","EDITORIAL PLACEHOLDER","Historical Google Drive PDF archive without frontispiece scan","none",N/A,N/A,true,true,"Historical issue (2014-2019) with no digital cover scan created by publisher (Case E: Missing media). Data-driven placeholder rendered."
canonical-000263,canonical-000263,"Vedanta Sandesh — May 2021","Vedanta Sandesh",2021,"NONE","NONE","VERIFY HOLD","Legacy WordPress mirror row duplicating vs-2021-may","dup-vs-2021-may",N/A,N/A,true,true,"Duplicate legacy migration entry of May 2021 issue (Case B: Same source URL reused). Placed on VERIFY HOLD."
canonical-000264,canonical-000264,"Vedanta Sandesh — June 2021","Vedanta Sandesh",2021,"NONE","NONE","VERIFY HOLD","Legacy WordPress mirror row duplicating vs-2021-jun","dup-vs-2021-jun",N/A,N/A,true,true,"Duplicate legacy migration entry of June 2021 issue (Case B: Same source URL reused). Placed on VERIFY HOLD."
canonical-000265,canonical-000265,"Vedanta Sandesh — July 2021","Vedanta Sandesh",2021,"NONE","NONE","VERIFY HOLD","Legacy WordPress mirror row duplicating vs-2021-jul","dup-vs-2021-jul",N/A,N/A,true,true,"Duplicate legacy migration entry of July 2021 issue (Case B: Same source URL reused). Placed on VERIFY HOLD."
vs-000266,canonical-000266,"Vedanta Sandesh — Issue-163 2021","Vedanta Sandesh",2021,"NONE","NONE","EDITORIAL PLACEHOLDER","Historical Google Drive PDF archive without frontispiece scan","none",N/A,N/A,true,true,"Historical issue (2014-2019) with no digital cover scan created by publisher (Case E: Missing media). Data-driven placeholder rendered."
vs-000267,canonical-000267,"Vedanta Sandesh — Issue-165 2021","Vedanta Sandesh",2021,"NONE","NONE","EDITORIAL PLACEHOLDER","Historical Google Drive PDF archive without frontispiece scan","none",N/A,N/A,true,true,"Historical issue (2014-2019) with no digital cover scan created by publisher (Case E: Missing media). Data-driven placeholder rendered."
vs-000268,canonical-000268,"Vedanta Sandesh — Issue-167 2021","Vedanta Sandesh",2021,"NONE","NONE","EDITORIAL PLACEHOLDER","Historical Google Drive PDF archive without frontispiece scan","none",N/A,N/A,true,true,"Historical issue (2014-2019) with no digital cover scan created by publisher (Case E: Missing media). Data-driven placeholder rendered."
vs-000269,canonical-000269,"Vedanta Sandesh — Issue-169 2021","Vedanta Sandesh",2021,"NONE","NONE","EDITORIAL PLACEHOLDER","Historical Google Drive PDF archive without frontispiece scan","none",N/A,N/A,true,true,"Historical issue (2014-2019) with no digital cover scan created by publisher (Case E: Missing media). Data-driven placeholder rendered."
vs-000270,canonical-000270,"Vedanta Sandesh — Issue-171 2021","Vedanta Sandesh",2021,"NONE","NONE","EDITORIAL PLACEHOLDER","Historical Google Drive PDF archive without frontispiece scan","none",N/A,N/A,true,true,"Historical issue (2014-2019) with no digital cover scan created by publisher (Case E: Missing media). Data-driven placeholder rendered."
vp-2021-may,canonical-000271,"Vedanta Piyush — May 2021","Vedanta Piyush",2021,"/images/vmission/publications/covers/vp-2021-may-cover.jpg","/images/vmission/publications/covers/vp-2021-may-cover.jpg","VERIFIED SOURCE COVER","WordPress Ezine archive /covers/vp-2021-may-cover.jpg","none",167x239,3816272998ea3c7f,true,false,"Primary canonical entity for May 2021 monthly issue."
vp-000272,canonical-000272,"Vedanta Piyush — Issue-2 2021","Vedanta Piyush",2021,"NONE","NONE","EDITORIAL PLACEHOLDER","Historical Google Drive PDF archive without frontispiece scan","none",N/A,N/A,true,true,"Historical issue with no digital cover scan created by publisher (Case E: Missing media). Data-driven placeholder rendered."
vp-000273,canonical-000273,"Vedanta Piyush — Issue-4 2021","Vedanta Piyush",2021,"NONE","NONE","EDITORIAL PLACEHOLDER","Historical Google Drive PDF archive without frontispiece scan","none",N/A,N/A,true,true,"Historical issue with no digital cover scan created by publisher (Case E: Missing media). Data-driven placeholder rendered."
vp-000274,canonical-000274,"Vedanta Piyush — Issue-6 2021","Vedanta Piyush",2021,"NONE","NONE","EDITORIAL PLACEHOLDER","Historical Google Drive PDF archive without frontispiece scan","none",N/A,N/A,true,true,"Historical issue with no digital cover scan created by publisher (Case E: Missing media). Data-driven placeholder rendered."
vp-000275,canonical-000275,"Vedanta Piyush — Issue-8 2021","Vedanta Piyush",2021,"NONE","NONE","EDITORIAL PLACEHOLDER","Historical Google Drive PDF archive without frontispiece scan","none",N/A,N/A,true,true,"Historical issue with no digital cover scan created by publisher (Case E: Missing media). Data-driven placeholder rendered."
vp-000276,canonical-000276,"Vedanta Piyush — Issue-10 2021","Vedanta Piyush",2021,"NONE","NONE","EDITORIAL PLACEHOLDER","Historical Google Drive PDF archive without frontispiece scan","none",N/A,N/A,true,true,"Historical issue with no digital cover scan created by publisher (Case E: Missing media). Data-driven placeholder rendered."
vp-000277,canonical-000277,"Vedanta Piyush — Issue-12 2021","Vedanta Piyush",2021,"NONE","NONE","EDITORIAL PLACEHOLDER","Historical Google Drive PDF archive without frontispiece scan","none",N/A,N/A,true,true,"Historical issue with no digital cover scan created by publisher (Case E: Missing media). Data-driven placeholder rendered."
vp-000278,canonical-000278,"Vedanta Piyush — Issue-14 2021","Vedanta Piyush",2021,"NONE","NONE","EDITORIAL PLACEHOLDER","Historical Google Drive PDF archive without frontispiece scan","none",N/A,N/A,true,true,"Historical issue with no digital cover scan created by publisher (Case E: Missing media). Data-driven placeholder rendered."
vp-2021-jul,canonical-000279,"Vedanta Piyush — July 2021","Vedanta Piyush",2021,"/images/vmission/publications/covers/vp-2021-jul-cover.jpg","/images/vmission/publications/covers/vp-2021-jul-cover.jpg","VERIFIED SOURCE COVER","WordPress Ezine archive /covers/vp-2021-jul-cover.jpg","none",167x237,bd23591c28f1a55f,true,false,"Primary canonical entity for July 2021 monthly issue."
canonical-000280,canonical-000280,"Vedanta Piyush — July 2021","Vedanta Piyush",2021,"NONE","NONE","VERIFY HOLD","Legacy WordPress mirror row duplicating vp-2021-jul","dup-vp-2021-jul",N/A,N/A,true,true,"Duplicate legacy migration entry of July 2021 issue (Case B: Same source URL reused). Placed on VERIFY HOLD."
vp-2021-jun,canonical-000281,"Vedanta Piyush — June 2021","Vedanta Piyush",2021,"/images/vmission/publications/covers/vp-2021-jun-cover.jpg","/images/vmission/publications/covers/vp-2021-jun-cover.jpg","VERIFIED SOURCE COVER","WordPress Ezine archive /covers/vp-2021-jun-cover.jpg","none",167x239,95108768c6d337dd,true,false,"Primary canonical entity for June 2021 monthly issue."
canonical-000282,canonical-000282,"Vedanta Piyush — May 2021","Vedanta Piyush",2021,"NONE","NONE","VERIFY HOLD","Legacy WordPress mirror row duplicating vp-2021-may","dup-vp-2021-may",N/A,N/A,true,true,"Duplicate legacy migration entry of May 2021 issue (Case B: Same source URL reused). Placed on VERIFY HOLD."
vp-000283,canonical-000283,"Vedanta Piyush — Issue-22 2021","Vedanta Piyush",2021,"NONE","NONE","EDITORIAL PLACEHOLDER","Historical Google Drive PDF archive without frontispiece scan","none",N/A,N/A,true,true,"Historical issue with no digital cover scan created by publisher (Case E: Missing media). Data-driven placeholder rendered."
vp-000284,canonical-000284,"Vedanta Piyush — Issue-24 2020","Vedanta Piyush",2020,"NONE","NONE","EDITORIAL PLACEHOLDER","Historical Google Drive PDF archive without frontispiece scan","none",N/A,N/A,true,true,"Historical issue with no digital cover scan created by publisher (Case E: Missing media). Data-driven placeholder rendered."
vp-000285,canonical-000285,"Vedanta Piyush — Issue-26 2020","Vedanta Piyush",2020,"NONE","NONE","EDITORIAL PLACEHOLDER","Historical Google Drive PDF archive without frontispiece scan","none",N/A,N/A,true,true,"Historical issue with no digital cover scan created by publisher (Case E: Missing media). Data-driven placeholder rendered."
vp-000286,canonical-000286,"Vedanta Piyush — Issue-28 2020","Vedanta Piyush",2020,"NONE","NONE","EDITORIAL PLACEHOLDER","Historical Google Drive PDF archive without frontispiece scan","none",N/A,N/A,true,true,"Historical issue with no digital cover scan created by publisher (Case E: Missing media). Data-driven placeholder rendered."
vp-000287,canonical-000287,"Vedanta Piyush — Issue-30 2020","Vedanta Piyush",2020,"NONE","NONE","EDITORIAL PLACEHOLDER","Historical Google Drive PDF archive without frontispiece scan","none",N/A,N/A,true,true,"Historical issue with no digital cover scan created by publisher (Case E: Missing media). Data-driven placeholder rendered."
vp-000288,canonical-000288,"Vedanta Piyush — Issue-32 2019","Vedanta Piyush",2019,"NONE","NONE","EDITORIAL PLACEHOLDER","Historical Google Drive PDF archive without frontispiece scan","none",N/A,N/A,true,true,"Historical issue with no digital cover scan created by publisher (Case E: Missing media). Data-driven placeholder rendered."
vp-000289,canonical-000289,"Vedanta Piyush — Issue-34 2019","Vedanta Piyush",2019,"NONE","NONE","EDITORIAL PLACEHOLDER","Historical Google Drive PDF archive without frontispiece scan","none",N/A,N/A,true,true,"Historical issue with no digital cover scan created by publisher (Case E: Missing media). Data-driven placeholder rendered."
vp-000290,canonical-000290,"Vedanta Piyush — Issue-36 2019","Vedanta Piyush",2019,"NONE","NONE","EDITORIAL PLACEHOLDER","Historical Google Drive PDF archive without frontispiece scan","none",N/A,N/A,true,true,"Historical issue with no digital cover scan created by publisher (Case E: Missing media). Data-driven placeholder rendered."
vp-000291,canonical-000291,"Vedanta Piyush — Issue-38 2019","Vedanta Piyush",2019,"NONE","NONE","EDITORIAL PLACEHOLDER","Historical Google Drive PDF archive without frontispiece scan","none",N/A,N/A,true,true,"Historical issue with no digital cover scan created by publisher (Case E: Missing media). Data-driven placeholder rendered."
vp-000292,canonical-000292,"Vedanta Piyush — Issue-40 2019","Vedanta Piyush",2019,"NONE","NONE","EDITORIAL PLACEHOLDER","Historical Google Drive PDF archive without frontispiece scan","none",N/A,N/A,true,true,"Historical issue with no digital cover scan created by publisher (Case E: Missing media). Data-driven placeholder rendered."
vp-2019-jul,canonical-000293,"Vedanta Piyush — July 2019","Vedanta Piyush",2019,"NONE","NONE","VERIFY HOLD","Legacy WordPress mirror row repeating 2019 monthly issues","dup-vp-2019-archives",N/A,N/A,true,true,"Duplicate legacy migration row repeating 2019 monthly issues (Case B). Placed on VERIFY HOLD."
vp-2019-jun,canonical-000294,"Vedanta Piyush — June 2019","Vedanta Piyush",2019,"NONE","NONE","VERIFY HOLD","Legacy WordPress mirror row repeating 2019 monthly issues","dup-vp-2019-archives",N/A,N/A,true,true,"Duplicate legacy migration row repeating 2019 monthly issues (Case B). Placed on VERIFY HOLD."
vp-2019-may,canonical-000295,"Vedanta Piyush — May 2019","Vedanta Piyush",2019,"NONE","NONE","VERIFY HOLD","Legacy WordPress mirror row repeating 2019 monthly issues","dup-vp-2019-archives",N/A,N/A,true,true,"Duplicate legacy migration row repeating 2019 monthly issues (Case B). Placed on VERIFY HOLD."
vp-000296,canonical-000296,"Vedanta Piyush — Issue-47 2019","Vedanta Piyush",2019,"NONE","NONE","EDITORIAL PLACEHOLDER","Historical Google Drive PDF archive without frontispiece scan","none",N/A,N/A,true,true,"Historical issue with no digital cover scan created by publisher (Case E: Missing media). Data-driven placeholder rendered."
vp-000297,canonical-000297,"Vedanta Piyush — Issue-49 2019","Vedanta Piyush",2019,"NONE","NONE","EDITORIAL PLACEHOLDER","Historical Google Drive PDF archive without frontispiece scan","none",N/A,N/A,true,true,"Historical issue with no digital cover scan created by publisher (Case E: Missing media). Data-driven placeholder rendered."
vp-000298,canonical-000298,"Vedanta Piyush — Issue-51 2019","Vedanta Piyush",2019,"NONE","NONE","EDITORIAL PLACEHOLDER","Historical Google Drive PDF archive without frontispiece scan","none",N/A,N/A,true,true,"Historical issue with no digital cover scan created by publisher (Case E: Missing media). Data-driven placeholder rendered."
vp-000299,canonical-000299,"Vedanta Piyush — Issue-53 2019","Vedanta Piyush",2019,"NONE","NONE","EDITORIAL PLACEHOLDER","Historical Google Drive PDF archive without frontispiece scan","none",N/A,N/A,true,true,"Historical issue with no digital cover scan created by publisher (Case E: Missing media). Data-driven placeholder rendered."
vp-000300,canonical-000300,"Vedanta Piyush — Issue-55 2019","Vedanta Piyush",2019,"NONE","NONE","EDITORIAL PLACEHOLDER","Historical Google Drive PDF archive without frontispiece scan","none",N/A,N/A,true,true,"Historical issue with no digital cover scan created by publisher (Case E: Missing media). Data-driven placeholder rendered."
vp-000301,canonical-000301,"Vedanta Piyush — Issue-57 2019","Vedanta Piyush",2019,"NONE","NONE","EDITORIAL PLACEHOLDER","Historical Google Drive PDF archive without frontispiece scan","none",N/A,N/A,true,true,"Historical issue with no digital cover scan created by publisher (Case E: Missing media). Data-driven placeholder rendered."
vp-000302,canonical-000302,"Vedanta Piyush — Issue-59 2019","Vedanta Piyush",2019,"NONE","NONE","EDITORIAL PLACEHOLDER","Historical Google Drive PDF archive without frontispiece scan","none",N/A,N/A,true,true,"Historical issue with no digital cover scan created by publisher (Case E: Missing media). Data-driven placeholder rendered."
vp-000303,canonical-000303,"Vedanta Piyush — Issue-61 2019","Vedanta Piyush",2019,"NONE","NONE","EDITORIAL PLACEHOLDER","Historical Google Drive PDF archive without frontispiece scan","none",N/A,N/A,true,true,"Historical issue with no digital cover scan created by publisher (Case E: Missing media). Data-driven placeholder rendered."
vp-000304,canonical-000304,"Vedanta Piyush — Issue-63 2019","Vedanta Piyush",2019,"NONE","NONE","EDITORIAL PLACEHOLDER","Historical Google Drive PDF archive without frontispiece scan","none",N/A,N/A,true,true,"Historical issue with no digital cover scan created by publisher (Case E: Missing media). Data-driven placeholder rendered."
canonical-000305,canonical-000305,"Vedanta Piyush — July 2019","Vedanta Piyush",2019,"NONE","NONE","VERIFY HOLD","Legacy WordPress mirror row repeating 2019 monthly issues","dup-vp-2019-archives",N/A,N/A,true,true,"Duplicate legacy migration row repeating 2019 monthly issues (Case B). Placed on VERIFY HOLD."
canonical-000306,canonical-000306,"Vedanta Piyush — June 2019","Vedanta Piyush",2019,"NONE","NONE","VERIFY HOLD","Legacy WordPress mirror row repeating 2019 monthly issues","dup-vp-2019-archives",N/A,N/A,true,true,"Duplicate legacy migration row repeating 2019 monthly issues (Case B). Placed on VERIFY HOLD."
canonical-000307,canonical-000307,"Vedanta Piyush — May 2019","Vedanta Piyush",2019,"NONE","NONE","VERIFY HOLD","Legacy WordPress mirror row repeating 2019 monthly issues","dup-vp-2019-archives",N/A,N/A,true,true,"Duplicate legacy migration row repeating 2019 monthly issues (Case B). Placed on VERIFY HOLD."
vp-000308,canonical-000308,"Vedanta Piyush — Issue-71 2019","Vedanta Piyush",2019,"NONE","NONE","EDITORIAL PLACEHOLDER","Historical Google Drive PDF archive without frontispiece scan","none",N/A,N/A,true,true,"Historical issue with no digital cover scan created by publisher (Case E: Missing media). Data-driven placeholder rendered."
vp-000309,canonical-000309,"Vedanta Piyush — Issue-73 2019","Vedanta Piyush",2019,"NONE","NONE","EDITORIAL PLACEHOLDER","Historical Google Drive PDF archive without frontispiece scan","none",N/A,N/A,true,true,"Historical issue with no digital cover scan created by publisher (Case E: Missing media). Data-driven placeholder rendered."
vp-000310,canonical-000310,"Vedanta Piyush — Issue-75 2019","Vedanta Piyush",2019,"NONE","NONE","EDITORIAL PLACEHOLDER","Historical Google Drive PDF archive without frontispiece scan","none",N/A,N/A,true,true,"Historical issue with no digital cover scan created by publisher (Case E: Missing media). Data-driven placeholder rendered."
vp-000311,canonical-000311,"Vedanta Piyush — Issue-77 2019","Vedanta Piyush",2019,"NONE","NONE","EDITORIAL PLACEHOLDER","Historical Google Drive PDF archive without frontispiece scan","none",N/A,N/A,true,true,"Historical issue with no digital cover scan created by publisher (Case E: Missing media). Data-driven placeholder rendered."
vp-000312,canonical-000312,"Vedanta Piyush — Issue-79 2019","Vedanta Piyush",2019,"NONE","NONE","EDITORIAL PLACEHOLDER","Historical Google Drive PDF archive without frontispiece scan","none",N/A,N/A,true,true,"Historical issue with no digital cover scan created by publisher (Case E: Missing media). Data-driven placeholder rendered."
vp-000313,canonical-000313,"Vedanta Piyush — Issue-81 2019","Vedanta Piyush",2019,"NONE","NONE","EDITORIAL PLACEHOLDER","Historical Google Drive PDF archive without frontispiece scan","none",N/A,N/A,true,true,"Historical issue with no digital cover scan created by publisher (Case E: Missing media). Data-driven placeholder rendered."
vp-000314,canonical-000314,"Vedanta Piyush — Issue-83 2019","Vedanta Piyush",2019,"NONE","NONE","EDITORIAL PLACEHOLDER","Historical Google Drive PDF archive without frontispiece scan","none",N/A,N/A,true,true,"Historical issue with no digital cover scan created by publisher (Case E: Missing media). Data-driven placeholder rendered."
vp-000315,canonical-000315,"Vedanta Piyush — Issue-85 2019","Vedanta Piyush",2019,"NONE","NONE","EDITORIAL PLACEHOLDER","Historical Google Drive PDF archive without frontispiece scan","none",N/A,N/A,true,true,"Historical issue with no digital cover scan created by publisher (Case E: Missing media). Data-driven placeholder rendered."
vp-000316,canonical-000316,"Vedanta Piyush — Issue-87 2019","Vedanta Piyush",2019,"NONE","NONE","EDITORIAL PLACEHOLDER","Historical Google Drive PDF archive without frontispiece scan","none",N/A,N/A,true,true,"Historical issue with no digital cover scan created by publisher (Case E: Missing media). Data-driven placeholder rendered."
canonical-000317,canonical-000317,"Vedanta Piyush — July 2019","Vedanta Piyush",2019,"NONE","NONE","VERIFY HOLD","Legacy WordPress mirror row repeating 2019 monthly issues","dup-vp-2019-archives",N/A,N/A,true,true,"Duplicate legacy migration row repeating 2019 monthly issues (Case B). Placed on VERIFY HOLD."
canonical-000318,canonical-000318,"Vedanta Piyush — June 2019","Vedanta Piyush",2019,"NONE","NONE","VERIFY HOLD","Legacy WordPress mirror row repeating 2019 monthly issues","dup-vp-2019-archives",N/A,N/A,true,true,"Duplicate legacy migration row repeating 2019 monthly issues (Case B). Placed on VERIFY HOLD."
canonical-000319,canonical-000319,"Vedanta Piyush — May 2019","Vedanta Piyush",2019,"NONE","NONE","VERIFY HOLD","Legacy WordPress mirror row repeating 2019 monthly issues","dup-vp-2019-archives",N/A,N/A,true,true,"Duplicate legacy migration row repeating 2019 monthly issues (Case B). Placed on VERIFY HOLD."
vp-000320,canonical-000320,"Vedanta Piyush — Issue-95 2019","Vedanta Piyush",2019,"NONE","NONE","EDITORIAL PLACEHOLDER","Historical Google Drive PDF archive without frontispiece scan","none",N/A,N/A,true,true,"Historical issue with no digital cover scan created by publisher (Case E: Missing media). Data-driven placeholder rendered."
vp-000321,canonical-000321,"Vedanta Piyush — Issue-97 2019","Vedanta Piyush",2019,"NONE","NONE","EDITORIAL PLACEHOLDER","Historical Google Drive PDF archive without frontispiece scan","none",N/A,N/A,true,true,"Historical issue with no digital cover scan created by publisher (Case E: Missing media). Data-driven placeholder rendered."
vp-000322,canonical-000322,"Vedanta Piyush — Issue-99 2019","Vedanta Piyush",2019,"NONE","NONE","EDITORIAL PLACEHOLDER","Historical Google Drive PDF archive without frontispiece scan","none",N/A,N/A,true,true,"Historical issue with no digital cover scan created by publisher (Case E: Missing media). Data-driven placeholder rendered."
vp-000323,canonical-000323,"Vedanta Piyush — Issue-101 2019","Vedanta Piyush",2019,"NONE","NONE","EDITORIAL PLACEHOLDER","Historical Google Drive PDF archive without frontispiece scan","none",N/A,N/A,true,true,"Historical issue with no digital cover scan created by publisher (Case E: Missing media). Data-driven placeholder rendered."
vp-000324,canonical-000324,"Vedanta Piyush — Issue-103 2019","Vedanta Piyush",2019,"NONE","NONE","EDITORIAL PLACEHOLDER","Historical Google Drive PDF archive without frontispiece scan","none",N/A,N/A,true,true,"Historical issue with no digital cover scan created by publisher (Case E: Missing media). Data-driven placeholder rendered."
vp-000325,canonical-000325,"Vedanta Piyush — Issue-105 2019","Vedanta Piyush",2019,"NONE","NONE","EDITORIAL PLACEHOLDER","Historical Google Drive PDF archive without frontispiece scan","none",N/A,N/A,true,true,"Historical issue with no digital cover scan created by publisher (Case E: Missing media). Data-driven placeholder rendered."
vp-000326,canonical-000326,"Vedanta Piyush — Issue-107 2019","Vedanta Piyush",2019,"NONE","NONE","EDITORIAL PLACEHOLDER","Historical Google Drive PDF archive without frontispiece scan","none",N/A,N/A,true,true,"Historical issue with no digital cover scan created by publisher (Case E: Missing media). Data-driven placeholder rendered."
vp-000327,canonical-000327,"Vedanta Piyush — Issue-109 2019","Vedanta Piyush",2019,"NONE","NONE","EDITORIAL PLACEHOLDER","Historical Google Drive PDF archive without frontispiece scan","none",N/A,N/A,true,true,"Historical issue with no digital cover scan created by publisher (Case E: Missing media). Data-driven placeholder rendered."
vp-000328,canonical-000328,"Vedanta Piyush — Issue-111 2019","Vedanta Piyush",2019,"NONE","NONE","EDITORIAL PLACEHOLDER","Historical Google Drive PDF archive without frontispiece scan","none",N/A,N/A,true,true,"Historical issue with no digital cover scan created by publisher (Case E: Missing media). Data-driven placeholder rendered."
canonical-000329,canonical-000329,"Vedanta Piyush — July 2019","Vedanta Piyush",2019,"NONE","NONE","VERIFY HOLD","Legacy WordPress mirror row repeating 2019 monthly issues","dup-vp-2019-archives",N/A,N/A,true,true,"Duplicate legacy migration row repeating 2019 monthly issues (Case B). Placed on VERIFY HOLD."
canonical-000330,canonical-000330,"Vedanta Piyush — June 2019","Vedanta Piyush",2019,"NONE","NONE","VERIFY HOLD","Legacy WordPress mirror row repeating 2019 monthly issues","dup-vp-2019-archives",N/A,N/A,true,true,"Duplicate legacy migration row repeating 2019 monthly issues (Case B). Placed on VERIFY HOLD."
canonical-000331,canonical-000331,"Vedanta Piyush — May 2019","Vedanta Piyush",2019,"NONE","NONE","VERIFY HOLD","Legacy WordPress mirror row repeating 2019 monthly issues","dup-vp-2019-archives",N/A,N/A,true,true,"Duplicate legacy migration row repeating 2019 monthly issues (Case B). Placed on VERIFY HOLD."
vp-000332,canonical-000332,"Vedanta Piyush — Issue-119 2019","Vedanta Piyush",2019,"NONE","NONE","EDITORIAL PLACEHOLDER","Historical Google Drive PDF archive without frontispiece scan","none",N/A,N/A,true,true,"Historical issue with no digital cover scan created by publisher (Case E: Missing media). Data-driven placeholder rendered."
vp-000333,canonical-000333,"Vedanta Piyush — Issue-121 2019","Vedanta Piyush",2019,"NONE","NONE","EDITORIAL PLACEHOLDER","Historical Google Drive PDF archive without frontispiece scan","none",N/A,N/A,true,true,"Historical issue with no digital cover scan created by publisher (Case E: Missing media). Data-driven placeholder rendered."
vp-000334,canonical-000334,"Vedanta Piyush — Issue-123 2019","Vedanta Piyush",2019,"NONE","NONE","EDITORIAL PLACEHOLDER","Historical Google Drive PDF archive without frontispiece scan","none",N/A,N/A,true,true,"Historical issue with no digital cover scan created by publisher (Case E: Missing media). Data-driven placeholder rendered."
vp-000335,canonical-000335,"Vedanta Piyush — Issue-125 2019","Vedanta Piyush",2019,"NONE","NONE","EDITORIAL PLACEHOLDER","Historical Google Drive PDF archive without frontispiece scan","none",N/A,N/A,true,true,"Historical issue with no digital cover scan created by publisher (Case E: Missing media). Data-driven placeholder rendered."
vp-000336,canonical-000336,"Vedanta Piyush — Issue-127 2019","Vedanta Piyush",2019,"NONE","NONE","EDITORIAL PLACEHOLDER","Historical Google Drive PDF archive without frontispiece scan","none",N/A,N/A,true,true,"Historical issue with no digital cover scan created by publisher (Case E: Missing media). Data-driven placeholder rendered."
vp-000337,canonical-000337,"Vedanta Piyush — Issue-129 2019","Vedanta Piyush",2019,"NONE","NONE","EDITORIAL PLACEHOLDER","Historical Google Drive PDF archive without frontispiece scan","none",N/A,N/A,true,true,"Historical issue with no digital cover scan created by publisher (Case E: Missing media). Data-driven placeholder rendered."
vp-000338,canonical-000338,"Vedanta Piyush — Issue-131 2019","Vedanta Piyush",2019,"NONE","NONE","EDITORIAL PLACEHOLDER","Historical Google Drive PDF archive without frontispiece scan","none",N/A,N/A,true,true,"Historical issue with no digital cover scan created by publisher (Case E: Missing media). Data-driven placeholder rendered."
vp-000339,canonical-000339,"Vedanta Piyush — Issue-133 2019","Vedanta Piyush",2019,"NONE","NONE","EDITORIAL PLACEHOLDER","Historical Google Drive PDF archive without frontispiece scan","none",N/A,N/A,true,true,"Historical issue with no digital cover scan created by publisher (Case E: Missing media). Data-driven placeholder rendered."
vp-000340,canonical-000340,"Vedanta Piyush — Issue-135 2019","Vedanta Piyush",2019,"NONE","NONE","EDITORIAL PLACEHOLDER","Historical Google Drive PDF archive without frontispiece scan","none",N/A,N/A,true,true,"Historical issue with no digital cover scan created by publisher (Case E: Missing media). Data-driven placeholder rendered."
canonical-000341,canonical-000341,"Vedanta Piyush — July 2019","Vedanta Piyush",2019,"NONE","NONE","VERIFY HOLD","Legacy WordPress mirror row repeating 2019 monthly issues","dup-vp-2019-archives",N/A,N/A,true,true,"Duplicate legacy migration row repeating 2019 monthly issues (Case B). Placed on VERIFY HOLD."
canonical-000342,canonical-000342,"Vedanta Piyush — June 2019","Vedanta Piyush",2019,"NONE","NONE","VERIFY HOLD","Legacy WordPress mirror row repeating 2019 monthly issues","dup-vp-2019-archives",N/A,N/A,true,true,"Duplicate legacy migration row repeating 2019 monthly issues (Case B). Placed on VERIFY HOLD."
canonical-000343,canonical-000343,"Vedanta Piyush — May 2019","Vedanta Piyush",2019,"NONE","NONE","VERIFY HOLD","Legacy WordPress mirror row repeating 2019 monthly issues","dup-vp-2019-archives",N/A,N/A,true,true,"Duplicate legacy migration row repeating 2019 monthly issues (Case B). Placed on VERIFY HOLD."
vp-000344,canonical-000344,"Vedanta Piyush — Issue-143 2019","Vedanta Piyush",2019,"NONE","NONE","EDITORIAL PLACEHOLDER","Historical Google Drive PDF archive without frontispiece scan","none",N/A,N/A,true,true,"Historical issue with no digital cover scan created by publisher (Case E: Missing media). Data-driven placeholder rendered."
vp-000345,canonical-000345,"Vedanta Piyush — Issue-145 2019","Vedanta Piyush",2019,"NONE","NONE","EDITORIAL PLACEHOLDER","Historical Google Drive PDF archive without frontispiece scan","none",N/A,N/A,true,true,"Historical issue with no digital cover scan created by publisher (Case E: Missing media). Data-driven placeholder rendered."
vp-000346,canonical-000346,"Vedanta Piyush — Issue-147 2019","Vedanta Piyush",2019,"NONE","NONE","EDITORIAL PLACEHOLDER","Historical Google Drive PDF archive without frontispiece scan","none",N/A,N/A,true,true,"Historical issue with no digital cover scan created by publisher (Case E: Missing media). Data-driven placeholder rendered."
vp-000347,canonical-000347,"Vedanta Piyush — Issue-149 2019","Vedanta Piyush",2019,"NONE","NONE","EDITORIAL PLACEHOLDER","Historical Google Drive PDF archive without frontispiece scan","none",N/A,N/A,true,true,"Historical issue with no digital cover scan created by publisher (Case E: Missing media). Data-driven placeholder rendered."
book-000348,canonical-000348,"Vedanta Articles — Volume 6","E-Books",2022,"/images/vmission/publications/ebook-va06.jpg","/images/vmission/publications/ebook-va06.jpg","VERIFIED SOURCE COVER","WordPress /e-books/ Screenshot-2025-11-17-072223_167x238.jpg","none",167x238,73f424961b48ce9a,true,false,"Authentic publisher cover scan for Vedanta Articles Vol 6."
book-000349,canonical-000349,"Vedanta Articles — Volume 4","E-Books",2022,"/images/vmission/publications/ebook-va04.png","/images/vmission/publications/ebook-va04.png","VERIFIED SOURCE COVER","WordPress /e-books/ v-arti4_169x239.png","none",169x239,da9135a634d200b5,true,false,"Authentic publisher cover scan for Vedanta Articles Vol 4."
book-000350,canonical-000350,"Vedanta Articles — Volume 3","E-Books",2022,"/images/vmission/publications/ebook-va03.png","/images/vmission/publications/ebook-va03.png","VERIFIED SOURCE COVER","WordPress /e-books/ v-arti3_169x239.png","none",169x239,e90469e0227b3ca1,true,false,"Authentic publisher cover scan for Vedanta Articles Vol 3."
book-000351,canonical-000351,"Vedanta Articles — Volume 2","E-Books",2022,"/images/vmission/publications/ebook-va02.jpg","/images/vmission/publications/ebook-va02.jpg","VERIFIED SOURCE COVER","WordPress /e-books/ cp_170x240.jpg","none",170x240,81a77b1dee08d90a,true,false,"Authentic publisher cover scan for Vedanta Articles Vol 2."
book-000352,canonical-000352,"Vedanta Articles — Volume 1","E-Books",2022,"/images/vmission/publications/ebook-va01.jpg","/images/vmission/publications/ebook-va01.jpg","VERIFIED SOURCE COVER","WordPress /e-books/ v-arti_170x240.jpg","none",170x240,6cacc4304c47dac5,true,false,"Authentic publisher cover scan for Vedanta Articles Vol 1."
book-000353,canonical-000353,"Tattva Bodha (Sanskrit Text & Translation eBook)","E-Books",2022,"/images/vmission/publications/study-text-tb-mula.jpg","/images/vmission/publications/study-text-tb-mula.jpg","VERIFIED SOURCE COVER","WordPress /e-books/ TBtxt_170x233.jpg","none",170x233,145856962838e68c,true,false,"Authentic cover scan for Tattva Bodha Sanskrit eBook. Strictly scoped to book-000353."
study-text-000354,canonical-000354,"AMRITBINDU UPANISHAD","Study & Chant Texts",2021,"NONE","NONE","EDITORIAL PLACEHOLDER","Sacred Upanishad root text document","none",N/A,N/A,true,true,"Canonical Upanishad root text without standalone digital cover artwork. Renders Sanskrit palm-leaf placeholder."
study-text-000355,canonical-000355,"ISHAVASYA UPANISHAD","Study & Chant Texts",2021,"NONE","NONE","EDITORIAL PLACEHOLDER","Sacred Upanishad root text document","none",N/A,N/A,true,true,"Canonical Upanishad root text without standalone digital cover artwork. Renders Sanskrit palm-leaf placeholder."
study-text-000356,canonical-000356,"KAIVALYA UPANISHAD","Study & Chant Texts",2021,"NONE","NONE","EDITORIAL PLACEHOLDER","Sacred Upanishad root text document","none",N/A,N/A,true,true,"Canonical Upanishad root text without standalone digital cover artwork. Renders Sanskrit palm-leaf placeholder."
study-text-000357,canonical-000357,"KENA UPANISHAD 1","Study & Chant Texts",2021,"NONE","NONE","EDITORIAL PLACEHOLDER","Sacred Upanishad root text document","none",N/A,N/A,true,true,"Canonical Upanishad root text without standalone digital cover artwork. Renders Sanskrit palm-leaf placeholder."
study-text-000358,canonical-000358,"KENA UPANISHAD 1_2","Study & Chant Texts",2021,"NONE","NONE","EDITORIAL PLACEHOLDER","Sacred Upanishad root text document","none",N/A,N/A,true,true,"Canonical Upanishad root text without standalone digital cover artwork. Renders Sanskrit palm-leaf placeholder."
study-text-000359,canonical-000359,"KENA UPANISHAD 1_2","Study & Chant Texts",2021,"NONE","NONE","EDITORIAL PLACEHOLDER","Sacred Upanishad root text document","none",N/A,N/A,true,true,"Canonical Upanishad root text without standalone digital cover artwork. Renders Sanskrit palm-leaf placeholder."
study-text-000360,canonical-000360,"KENA UPANISHAD 1_2","Study & Chant Texts",2021,"NONE","NONE","EDITORIAL PLACEHOLDER","Sacred Upanishad root text document","none",N/A,N/A,true,true,"Canonical Upanishad root text without standalone digital cover artwork. Renders Sanskrit palm-leaf placeholder."
study-text-000361,canonical-000361,"KENA UPANISHAD 1_2","Study & Chant Texts",2021,"NONE","NONE","EDITORIAL PLACEHOLDER","Sacred Upanishad root text document","none",N/A,N/A,true,true,"Canonical Upanishad root text without standalone digital cover artwork. Renders Sanskrit palm-leaf placeholder."
study-text-000362,canonical-000362,"MANDUKYA UPANISHAD 1","Study & Chant Texts",2021,"NONE","NONE","EDITORIAL PLACEHOLDER","Sacred Upanishad root text document","none",N/A,N/A,true,true,"Canonical Upanishad root text without standalone digital cover artwork. Renders Sanskrit palm-leaf placeholder."
study-text-000363,canonical-000363,"MANDUKYA UPANISHAD 2","Study & Chant Texts",2021,"NONE","NONE","EDITORIAL PLACEHOLDER","Sacred Upanishad root text document","none",N/A,N/A,true,true,"Canonical Upanishad root text without standalone digital cover artwork. Renders Sanskrit palm-leaf placeholder."
study-text-000364,canonical-000364,"MUNDAKA UPANISHAD 1_1","Study & Chant Texts",2021,"NONE","NONE","EDITORIAL PLACEHOLDER","Sacred Upanishad root text document","none",N/A,N/A,true,true,"Canonical Upanishad root text without standalone digital cover artwork. Renders Sanskrit palm-leaf placeholder."
study-text-000365,canonical-000365,"MUNDAKA UPANISHAD 1_2","Study & Chant Texts",2021,"NONE","NONE","EDITORIAL PLACEHOLDER","Sacred Upanishad root text document","none",N/A,N/A,true,true,"Canonical Upanishad root text without standalone digital cover artwork. Renders Sanskrit palm-leaf placeholder."
study-text-000366,canonical-000366,"MUNDAKA UPANISHAD 2_1","Study & Chant Texts",2021,"NONE","NONE","EDITORIAL PLACEHOLDER","Sacred Upanishad root text document","none",N/A,N/A,true,true,"Canonical Upanishad root text without standalone digital cover artwork. Renders Sanskrit palm-leaf placeholder."
study-text-000367,canonical-000367,"MUNDAKA UPANISHAD 2_2","Study & Chant Texts",2021,"NONE","NONE","EDITORIAL PLACEHOLDER","Sacred Upanishad root text document","none",N/A,N/A,true,true,"Canonical Upanishad root text without standalone digital cover artwork. Renders Sanskrit palm-leaf placeholder."
study-text-000368,canonical-000368,"MUNDAKA UPANISHAD 3_1","Study & Chant Texts",2021,"NONE","NONE","EDITORIAL PLACEHOLDER","Sacred Upanishad root text document","none",N/A,N/A,true,true,"Canonical Upanishad root text without standalone digital cover artwork. Renders Sanskrit palm-leaf placeholder."
study-text-000369,canonical-000369,"MUNDAKA UPANISHAD 1_1-6","Study & Chant Texts",2021,"NONE","NONE","EDITORIAL PLACEHOLDER","Sacred Upanishad root text document","none",N/A,N/A,true,true,"Canonical Upanishad root text without standalone digital cover artwork. Renders Sanskrit palm-leaf placeholder."
study-text-000370,canonical-000370,"Scripture Study Text (Prakarana Study Text)","Study & Chant Texts",2021,"NONE","NONE","EDITORIAL PLACEHOLDER","Prakarana Grantha scriptural root text","none",N/A,N/A,true,true,"Canonical Prakarana treatise without standalone digital cover artwork. Renders Sanskrit palm-leaf placeholder."
study-text-000371,canonical-000371,"Scripture Study Text (Prakarana Study Text)","Study & Chant Texts",2021,"NONE","NONE","EDITORIAL PLACEHOLDER","Prakarana Grantha scriptural root text","none",N/A,N/A,true,true,"Canonical Prakarana treatise without standalone digital cover artwork. Renders Sanskrit palm-leaf placeholder."
study-text-000372,canonical-000372,"Scripture Study Text (Prakarana Study Text)","Study & Chant Texts",2021,"NONE","NONE","EDITORIAL PLACEHOLDER","Prakarana Grantha scriptural root text","none",N/A,N/A,true,true,"Canonical Prakarana treatise without standalone digital cover artwork. Renders Sanskrit palm-leaf placeholder."
study-text-000373,canonical-000373,"Scripture Study Text (Prakarana Study Text)","Study & Chant Texts",2021,"NONE","NONE","EDITORIAL PLACEHOLDER","Prakarana Grantha scriptural root text","none",N/A,N/A,true,true,"Canonical Prakarana treatise without standalone digital cover artwork. Renders Sanskrit palm-leaf placeholder."
study-text-000374,canonical-000374,"Scripture Study Text (Prakarana Study Text)","Study & Chant Texts",2021,"NONE","NONE","EDITORIAL PLACEHOLDER","Prakarana Grantha scriptural root text","none",N/A,N/A,true,true,"Canonical Prakarana treatise without standalone digital cover artwork. Renders Sanskrit palm-leaf placeholder."
study-text-000375,canonical-000375,"Scripture Study Text (Prakarana Study Text)","Study & Chant Texts",2021,"NONE","NONE","EDITORIAL PLACEHOLDER","Prakarana Grantha scriptural root text","none",N/A,N/A,true,true,"Canonical Prakarana treatise without standalone digital cover artwork. Renders Sanskrit palm-leaf placeholder."
study-text-000376,canonical-000376,"Scripture Study Text (Prakarana Study Text)","Study & Chant Texts",2021,"NONE","NONE","EDITORIAL PLACEHOLDER","Prakarana Grantha scriptural root text","none",N/A,N/A,true,true,"Canonical Prakarana treatise without standalone digital cover artwork. Renders Sanskrit palm-leaf placeholder."
study-text-000377,canonical-000377,"Scripture Study Text (Prakarana Study Text)","Study & Chant Texts",2021,"NONE","NONE","EDITORIAL PLACEHOLDER","Prakarana Grantha scriptural root text","none",N/A,N/A,true,true,"Canonical Prakarana treatise without standalone digital cover artwork. Renders Sanskrit palm-leaf placeholder."
study-text-000378,canonical-000378,"Scripture Study Text (Prakarana Study Text)","Study & Chant Texts",2021,"NONE","NONE","EDITORIAL PLACEHOLDER","Prakarana Grantha scriptural root text","none",N/A,N/A,true,true,"Canonical Prakarana treatise without standalone digital cover artwork. Renders Sanskrit palm-leaf placeholder."
study-text-000379,canonical-000379,"Scripture Study Text (Prakarana Study Text)","Study & Chant Texts",2021,"NONE","NONE","EDITORIAL PLACEHOLDER","Prakarana Grantha scriptural root text","none",N/A,N/A,true,true,"Canonical Prakarana treatise without standalone digital cover artwork. Renders Sanskrit palm-leaf placeholder."
study-text-000380,canonical-000380,"Scripture Study Text (Prakarana Study Text)","Study & Chant Texts",2021,"NONE","NONE","EDITORIAL PLACEHOLDER","Prakarana Grantha scriptural root text","none",N/A,N/A,true,true,"Canonical Prakarana treatise without standalone digital cover artwork. Renders Sanskrit palm-leaf placeholder."
study-text-000381,canonical-000381,"Scripture Study Text (Prakarana Study Text)","Study & Chant Texts",2021,"NONE","NONE","EDITORIAL PLACEHOLDER","Prakarana Grantha scriptural root text","none",N/A,N/A,true,true,"Canonical Prakarana treatise without standalone digital cover artwork. Renders Sanskrit palm-leaf placeholder."
study-text-000382,canonical-000382,"Study Text PDF: ADHYASA BHASHYA [ARCHIVE-ORG]","Study & Chant Texts",2021,"NONE","NONE","EDITORIAL PLACEHOLDER","Canonical Sanskrit commentary / study text PDF","none",N/A,N/A,true,true,"Scriptural commentary PDF without standalone digital cover artwork. Renders Sanskrit palm-leaf placeholder."
study-text-000383,canonical-000383,"Study Text PDF: ADHYASA BHASHYA [GOOGLE-DRIVE]","Study & Chant Texts",2021,"NONE","NONE","EDITORIAL PLACEHOLDER","Canonical Sanskrit commentary / study text PDF","none",N/A,N/A,true,true,"Scriptural commentary PDF without standalone digital cover artwork. Renders Sanskrit palm-leaf placeholder."
study-text-000384,canonical-000384,"Study Text PDF: ATMABODHA [ARCHIVE-ORG]","Study & Chant Texts",2021,"NONE","NONE","EDITORIAL PLACEHOLDER","Canonical Sanskrit commentary / study text PDF","none",N/A,N/A,true,true,"Scriptural commentary PDF without standalone digital cover artwork. Renders Sanskrit palm-leaf placeholder."
study-text-000385,canonical-000385,"Study Text PDF: ATMABODHA [GOOGLE-DRIVE]","Study & Chant Texts",2021,"NONE","NONE","EDITORIAL PLACEHOLDER","Canonical Sanskrit commentary / study text PDF","none",N/A,N/A,true,true,"Scriptural commentary PDF without standalone digital cover artwork. Renders Sanskrit palm-leaf placeholder."
study-text-000386,canonical-000386,"Study Text PDF: ADWAIT MAKARANDA [ARCHIVE-ORG]","Study & Chant Texts",2021,"NONE","NONE","EDITORIAL PLACEHOLDER","Canonical Sanskrit commentary / study text PDF","none",N/A,N/A,true,true,"Scriptural commentary PDF without standalone digital cover artwork. Renders Sanskrit palm-leaf placeholder."
study-text-000387,canonical-000387,"Study Text PDF: ADWAIT MAKARANDA [GOOGLE-DRIVE]","Study & Chant Texts",2021,"NONE","NONE","EDITORIAL PLACEHOLDER","Canonical Sanskrit commentary / study text PDF","none",N/A,N/A,true,true,"Scriptural commentary PDF without standalone digital cover artwork. Renders Sanskrit palm-leaf placeholder."
study-text-000388,canonical-000388,"Study Text PDF: ASHTAVAKRA GITA - 1 [ARCHIVE-ORG]","Study & Chant Texts",2021,"NONE","NONE","EDITORIAL PLACEHOLDER","Canonical Sanskrit commentary / study text PDF","none",N/A,N/A,true,true,"Scriptural commentary PDF without standalone digital cover artwork. Renders Sanskrit palm-leaf placeholder."
study-text-000389,canonical-000389,"Study Text PDF: ASHTAVAKRA GITA - 2 [ARCHIVE-ORG]","Study & Chant Texts",2021,"NONE","NONE","EDITORIAL PLACEHOLDER","Canonical Sanskrit commentary / study text PDF","none",N/A,N/A,true,true,"Scriptural commentary PDF without standalone digital cover artwork. Renders Sanskrit palm-leaf placeholder."
study-text-000390,canonical-000390,"Study Text PDF: BHAJA GOVINDAM [ARCHIVE-ORG]","Study & Chant Texts",2021,"NONE","NONE","EDITORIAL PLACEHOLDER","Canonical Sanskrit commentary / study text PDF","none",N/A,N/A,true,true,"Scriptural commentary PDF without standalone digital cover artwork. Renders Sanskrit palm-leaf placeholder."
study-text-000391,canonical-000391,"Study Text PDF: BHAJA GOVINDAM [GOOGLE-DRIVE]","Study & Chant Texts",2021,"NONE","NONE","EDITORIAL PLACEHOLDER","Canonical Sanskrit commentary / study text PDF","none",N/A,N/A,true,true,"Scriptural commentary PDF without standalone digital cover artwork. Renders Sanskrit palm-leaf placeholder."
study-text-000392,canonical-000392,"Study Text PDF: BHAJA GOVINDAM (With Meaning) [ARCHIVE-ORG]","Study & Chant Texts",2021,"NONE","NONE","EDITORIAL PLACEHOLDER","Canonical Sanskrit commentary / study text PDF","none",N/A,N/A,true,true,"Scriptural commentary PDF without standalone digital cover artwork. Renders Sanskrit palm-leaf placeholder."
study-text-000393,canonical-000393,"Study Text PDF: DRG DRUSHYA VIVEKA [ARCHIVE-ORG]","Study & Chant Texts",2021,"NONE","NONE","EDITORIAL PLACEHOLDER","Canonical Sanskrit commentary / study text PDF","none",N/A,N/A,true,true,"Scriptural commentary PDF without standalone digital cover artwork. Renders Sanskrit palm-leaf placeholder."
study-text-000394,canonical-000394,"Study Text PDF: DAKSHINAMURTHY STOTRAM [ARCHIVE-ORG]","Study & Chant Texts",2021,"NONE","NONE","EDITORIAL PLACEHOLDER","Canonical Sanskrit commentary / study text PDF","none",N/A,N/A,true,true,"Scriptural commentary PDF without standalone digital cover artwork. Renders Sanskrit palm-leaf placeholder."
study-text-000395,canonical-000395,"Study Text PDF: DAKSHINAMURTHY STOTRAM [GOOGLE-DRIVE]","Study & Chant Texts",2021,"NONE","NONE","EDITORIAL PLACEHOLDER","Canonical Sanskrit commentary / study text PDF","none",N/A,N/A,true,true,"Scriptural commentary PDF without standalone digital cover artwork. Renders Sanskrit palm-leaf placeholder."
study-text-000396,canonical-000396,"Study Text PDF: HASTAMALAKA STOTRAM [ARCHIVE-ORG]","Study & Chant Texts",2021,"NONE","NONE","EDITORIAL PLACEHOLDER","Canonical Sanskrit commentary / study text PDF","none",N/A,N/A,true,true,"Scriptural commentary PDF without standalone digital cover artwork. Renders Sanskrit palm-leaf placeholder."
study-text-000397,canonical-000397,"Study Text PDF: LAGHU VAKYA VRITTI [ARCHIVE-ORG]","Study & Chant Texts",2021,"NONE","NONE","EDITORIAL PLACEHOLDER","Canonical Sanskrit commentary / study text PDF","none",N/A,N/A,true,true,"Scriptural commentary PDF without standalone digital cover artwork. Renders Sanskrit palm-leaf placeholder."
study-text-000398,canonical-000398,"Study Text PDF: MANISHA PANCHAKAM [GOOGLE-DRIVE]","Study & Chant Texts",2021,"NONE","NONE","EDITORIAL PLACEHOLDER","Canonical Sanskrit commentary / study text PDF","none",N/A,N/A,true,true,"Scriptural commentary PDF without standalone digital cover artwork. Renders Sanskrit palm-leaf placeholder."
study-text-000399,canonical-000399,"Study Text PDF: PANCHADASHI - NATAKA DEEP [ARCHIVE-ORG]","Study & Chant Texts",2021,"NONE","NONE","EDITORIAL PLACEHOLDER","Canonical Sanskrit commentary / study text PDF","none",N/A,N/A,true,true,"Scriptural commentary PDF without standalone digital cover artwork. Renders Sanskrit palm-leaf placeholder."
study-text-000400,canonical-000400,"Study Text PDF: PANCHADASHI - VISHAYANANDA [ARCHIVE-ORG]","Study & Chant Texts",2021,"NONE","NONE","EDITORIAL PLACEHOLDER","Canonical Sanskrit commentary / study text PDF","none",N/A,N/A,true,true,"Scriptural commentary PDF without standalone digital cover artwork. Renders Sanskrit palm-leaf placeholder."
study-text-000401,canonical-000401,"Study Text PDF: PANCHADASHI - VISHAYANANDA [GOOGLE-DRIVE]","Study & Chant Texts",2021,"NONE","NONE","EDITORIAL PLACEHOLDER","Canonical Sanskrit commentary / study text PDF","none",N/A,N/A,true,true,"Scriptural commentary PDF without standalone digital cover artwork. Renders Sanskrit palm-leaf placeholder."
study-text-000402,canonical-000402,"Study Text PDF: SADHANA PANCHAKAM [ARCHIVE-ORG]","Study & Chant Texts",2021,"NONE","NONE","EDITORIAL PLACEHOLDER","Canonical Sanskrit commentary / study text PDF","none",N/A,N/A,true,true,"Scriptural commentary PDF without standalone digital cover artwork. Renders Sanskrit palm-leaf placeholder."
study-text-000403,canonical-000403,"Study Text PDF: SADHANA PANCHAKAM [GOOGLE-DRIVE]","Study & Chant Texts",2021,"NONE","NONE","EDITORIAL PLACEHOLDER","Canonical Sanskrit commentary / study text PDF","none",N/A,N/A,true,true,"Scriptural commentary PDF without standalone digital cover artwork. Renders Sanskrit palm-leaf placeholder."
study-text-000404,canonical-000404,"Study Text PDF: TATTVA BODHA [ARCHIVE-ORG]","Study & Chant Texts",2021,"NONE","NONE","EDITORIAL PLACEHOLDER","Archive.org Sanskrit root text PDF","none",N/A,N/A,true,true,"Tattva Bodha root text PDF. Scoped strictly to null cover to prevent study-text-tb-mula.jpg leakage."
study-text-000405,canonical-000405,"Study Text PDF: UPADESH SARAM [ARCHIVE-ORG]","Study & Chant Texts",2021,"NONE","NONE","EDITORIAL PLACEHOLDER","Canonical Sanskrit commentary / study text PDF","none",N/A,N/A,true,true,"Scriptural commentary PDF without standalone digital cover artwork. Renders Sanskrit palm-leaf placeholder."
study-text-000406,canonical-000406,"Study Text PDF: ↓ PDF [GOOGLE-DRIVE]","Study & Chant Texts",2021,"NONE","NONE","EDITORIAL PLACEHOLDER","Canonical Sanskrit commentary / study text PDF","none",N/A,N/A,true,true,"Scriptural commentary PDF without standalone digital cover artwork. Renders Sanskrit palm-leaf placeholder."
study-text-000407,canonical-000407,"Study Text PDF: ↓ PDF [GOOGLE-DRIVE]","Study & Chant Texts",2021,"NONE","NONE","EDITORIAL PLACEHOLDER","Canonical Sanskrit commentary / study text PDF","none",N/A,N/A,true,true,"Scriptural commentary PDF without standalone digital cover artwork. Renders Sanskrit palm-leaf placeholder."
study-text-000408,canonical-000408,"Study Text PDF: ↓ PDF [GOOGLE-DRIVE]","Study & Chant Texts",2021,"NONE","NONE","EDITORIAL PLACEHOLDER","Canonical Sanskrit commentary / study text PDF","none",N/A,N/A,true,true,"Scriptural commentary PDF without standalone digital cover artwork. Renders Sanskrit palm-leaf placeholder."
study-text-000409,canonical-000409,"Study Text PDF: ↓ PDF [GOOGLE-DRIVE]","Study & Chant Texts",2021,"NONE","NONE","EDITORIAL PLACEHOLDER","Canonical Sanskrit commentary / study text PDF","none",N/A,N/A,true,true,"Scriptural commentary PDF without standalone digital cover artwork. Renders Sanskrit palm-leaf placeholder."
study-text-000410,canonical-000410,"Study Text PDF: ↓ PDF [GOOGLE-DRIVE]","Study & Chant Texts",2021,"NONE","NONE","EDITORIAL PLACEHOLDER","Canonical Sanskrit commentary / study text PDF","none",N/A,N/A,true,true,"Scriptural commentary PDF without standalone digital cover artwork. Renders Sanskrit palm-leaf placeholder."
study-text-000411,canonical-000411,"Vishnu Sahasranama PDF - 01 | 1 - 100 | ↓ PDF | ↓ PDF","Study & Chant Texts",2021,"NONE","NONE","EDITORIAL PLACEHOLDER","Canonical Sanskrit commentary / study text PDF","none",N/A,N/A,true,true,"Scriptural commentary PDF without standalone digital cover artwork. Renders Sanskrit palm-leaf placeholder."
study-text-000412,canonical-000412,"Vishnu Sahasranama PDF - 01 | 1 - 100 | ↓ PDF | ↓ PDF","Study & Chant Texts",2021,"NONE","NONE","EDITORIAL PLACEHOLDER","Canonical Sanskrit commentary / study text PDF","none",N/A,N/A,true,true,"Scriptural commentary PDF without standalone digital cover artwork. Renders Sanskrit palm-leaf placeholder."
study-text-000413,canonical-000413,"Vishnu Sahasranama PDF - 02 | 101 - 200 | ↓ PDF | ↓ PDF","Study & Chant Texts",2021,"NONE","NONE","EDITORIAL PLACEHOLDER","Canonical Sanskrit commentary / study text PDF","none",N/A,N/A,true,true,"Scriptural commentary PDF without standalone digital cover artwork. Renders Sanskrit palm-leaf placeholder."
study-text-000414,canonical-000414,"Vishnu Sahasranama PDF - 02 | 101 - 200 | ↓ PDF | ↓ PDF","Study & Chant Texts",2021,"NONE","NONE","EDITORIAL PLACEHOLDER","Canonical Sanskrit commentary / study text PDF","none",N/A,N/A,true,true,"Scriptural commentary PDF without standalone digital cover artwork. Renders Sanskrit palm-leaf placeholder."
study-text-000415,canonical-000415,"Vishnu Sahasranama PDF - 03 | 201 - 300 | ↓ PDF | ↓ PDF","Study & Chant Texts",2021,"NONE","NONE","EDITORIAL PLACEHOLDER","Canonical Sanskrit commentary / study text PDF","none",N/A,N/A,true,true,"Scriptural commentary PDF without standalone digital cover artwork. Renders Sanskrit palm-leaf placeholder."
study-text-000416,canonical-000416,"Vishnu Sahasranama PDF - 03 | 201 - 300 | ↓ PDF | ↓ PDF","Study & Chant Texts",2021,"NONE","NONE","EDITORIAL PLACEHOLDER","Canonical Sanskrit commentary / study text PDF","none",N/A,N/A,true,true,"Scriptural commentary PDF without standalone digital cover artwork. Renders Sanskrit palm-leaf placeholder."
study-text-000417,canonical-000417,"Vishnu Sahasranama PDF - 04 | 301 - 400 | ↓ PDF | ↓ PDF","Study & Chant Texts",2021,"NONE","NONE","EDITORIAL PLACEHOLDER","Canonical Sanskrit commentary / study text PDF","none",N/A,N/A,true,true,"Scriptural commentary PDF without standalone digital cover artwork. Renders Sanskrit palm-leaf placeholder."
study-text-000418,canonical-000418,"Vishnu Sahasranama PDF - 04 | 301 - 400 | ↓ PDF | ↓ PDF","Study & Chant Texts",2021,"NONE","NONE","EDITORIAL PLACEHOLDER","Canonical Sanskrit commentary / study text PDF","none",N/A,N/A,true,true,"Scriptural commentary PDF without standalone digital cover artwork. Renders Sanskrit palm-leaf placeholder."
study-text-000419,canonical-000419,"Vishnu Sahasranama PDF - 05 | 401 - 500 | ↓ PDF | ↓ PDF","Study & Chant Texts",2021,"NONE","NONE","EDITORIAL PLACEHOLDER","Canonical Sanskrit commentary / study text PDF","none",N/A,N/A,true,true,"Scriptural commentary PDF without standalone digital cover artwork. Renders Sanskrit palm-leaf placeholder."
study-text-000420,canonical-000420,"Vishnu Sahasranama PDF - 05 | 401 - 500 | ↓ PDF | ↓ PDF","Study & Chant Texts",2021,"NONE","NONE","EDITORIAL PLACEHOLDER","Canonical Sanskrit commentary / study text PDF","none",N/A,N/A,true,true,"Scriptural commentary PDF without standalone digital cover artwork. Renders Sanskrit palm-leaf placeholder."
study-text-000421,canonical-000421,"Vishnu Sahasranama PDF - 06 | 501 - 600 | ↓ PDF | ↓ PDF","Study & Chant Texts",2021,"NONE","NONE","EDITORIAL PLACEHOLDER","Canonical Sanskrit commentary / study text PDF","none",N/A,N/A,true,true,"Scriptural commentary PDF without standalone digital cover artwork. Renders Sanskrit palm-leaf placeholder."
study-text-000422,canonical-000422,"Vishnu Sahasranama PDF - 06 | 501 - 600 | ↓ PDF | ↓ PDF","Study & Chant Texts",2021,"NONE","NONE","EDITORIAL PLACEHOLDER","Canonical Sanskrit commentary / study text PDF","none",N/A,N/A,true,true,"Scriptural commentary PDF without standalone digital cover artwork. Renders Sanskrit palm-leaf placeholder."
study-text-000423,canonical-000423,"Vishnu Sahasranama PDF - 07 | 601 - 700 | ↓ PDF | ↓ PDF","Study & Chant Texts",2021,"NONE","NONE","EDITORIAL PLACEHOLDER","Canonical Sanskrit commentary / study text PDF","none",N/A,N/A,true,true,"Scriptural commentary PDF without standalone digital cover artwork. Renders Sanskrit palm-leaf placeholder."
study-text-000424,canonical-000424,"Vishnu Sahasranama PDF - 07 | 601 - 700 | ↓ PDF | ↓ PDF","Study & Chant Texts",2021,"NONE","NONE","EDITORIAL PLACEHOLDER","Canonical Sanskrit commentary / study text PDF","none",N/A,N/A,true,true,"Scriptural commentary PDF without standalone digital cover artwork. Renders Sanskrit palm-leaf placeholder."
study-text-000425,canonical-000425,"Vishnu Sahasranama PDF - 08 | 701 - 800 | ↓ PDF | ↓ PDF","Study & Chant Texts",2021,"NONE","NONE","EDITORIAL PLACEHOLDER","Canonical Sanskrit commentary / study text PDF","none",N/A,N/A,true,true,"Scriptural commentary PDF without standalone digital cover artwork. Renders Sanskrit palm-leaf placeholder."
study-text-000426,canonical-000426,"Vishnu Sahasranama PDF - 08 | 701 - 800 | ↓ PDF | ↓ PDF","Study & Chant Texts",2021,"NONE","NONE","EDITORIAL PLACEHOLDER","Canonical Sanskrit commentary / study text PDF","none",N/A,N/A,true,true,"Scriptural commentary PDF without standalone digital cover artwork. Renders Sanskrit palm-leaf placeholder."
study-text-000427,canonical-000427,"Vishnu Sahasranama PDF - 09 | 801 - 900 | ↓ PDF | ↓ PDF","Study & Chant Texts",2021,"NONE","NONE","EDITORIAL PLACEHOLDER","Canonical Sanskrit commentary / study text PDF","none",N/A,N/A,true,true,"Scriptural commentary PDF without standalone digital cover artwork. Renders Sanskrit palm-leaf placeholder."
study-text-000428,canonical-000428,"Vishnu Sahasranama PDF - 09 | 801 - 900 | ↓ PDF | ↓ PDF","Study & Chant Texts",2021,"NONE","NONE","EDITORIAL PLACEHOLDER","Canonical Sanskrit commentary / study text PDF","none",N/A,N/A,true,true,"Scriptural commentary PDF without standalone digital cover artwork. Renders Sanskrit palm-leaf placeholder."
study-text-000429,canonical-000429,"Vishnu Sahasranama PDF - 10 | 901 - 100 | ↓ PDF | ↓ PDF","Study & Chant Texts",2021,"NONE","NONE","EDITORIAL PLACEHOLDER","Canonical Sanskrit commentary / study text PDF","none",N/A,N/A,true,true,"Scriptural commentary PDF without standalone digital cover artwork. Renders Sanskrit palm-leaf placeholder."
study-text-000430,canonical-000430,"Vishnu Sahasranama PDF - 10 | 901 - 100 | ↓ PDF | ↓ PDF","Study & Chant Texts",2021,"NONE","NONE","EDITORIAL PLACEHOLDER","Canonical Sanskrit commentary / study text PDF","none",N/A,N/A,true,true,"Scriptural commentary PDF without standalone digital cover artwork. Renders Sanskrit palm-leaf placeholder."
study-text-000431,canonical-000431,"Institutional Document: VPST - 80 G Certificate","Study & Chant Texts",2021,"NONE","NONE","EDITORIAL PLACEHOLDER","VPST institutional legal/corpus document","none",N/A,N/A,true,true,"Institutional administrative document without publication cover artwork. Renders archival placeholder."
study-text-000432,canonical-000432,"Institutional Document: VPST - Corpus Form","Study & Chant Texts",2021,"NONE","NONE","EDITORIAL PLACEHOLDER","VPST institutional legal/corpus document","none",N/A,N/A,true,true,"Institutional administrative document without publication cover artwork. Renders archival placeholder."
study-text-000433,canonical-000433,"Institutional Document: Camp Form 2020 (16-21 Feb)","Study & Chant Texts",2021,"NONE","NONE","EDITORIAL PLACEHOLDER","VPST institutional legal/corpus document","none",N/A,N/A,true,true,"Institutional administrative document without publication cover artwork. Renders archival placeholder."